ID,Title,Content,Excerpt,Date,"Post Type",Permalink,"Image URL","Image Title","Image Caption","Image Description","Image Alt Text","Image Featured","Attachment URL",fakerpress_flag,_thumbnail_id,page_banner_subtitle,_page_banner_subtitle,page_banner_background_image,_page_banner_background_image,related_campus,_related_campus,_wp_old_slug,_wp_trash_meta_status,_wp_trash_meta_time,_wp_desired_post_slug,Status,"Author ID","Author Username","Author Email","Author First Name","Author Last Name",Slug,Format,Template,Parent,"Parent Slug",Order,"Comment Status","Ping Status","Post Modified Date"
142,"Odio consectetur dolores incidunt porro","<!-- wp:paragraph -->
<p><a title=""Excepturi quaerat iste provident et voluptatem sit."" href=""https://www.kertzmann.org/voluptate-libero-sed-ut-ab-voluptas"">Libero</a> <a title=""Sed ut quia autem ratione aut iusto."" href=""http://www.volkman.biz/"">quidem illo incidunt.</a> <a title=""Dolorem dolor assumenda."" href=""http://stokes.biz/dolorum-soluta-ut-rerum-dolorem-laudantium-numquam"">corrupti et</a> <a title=""Adipisci in commodi autem aut ducimus qui et corporis qui est provident."" href=""http://www.mcglynn.org/molestias-totam-recusandae-optio-eius"">suscipit fugit.</a> ipsum sed fugit <a title=""Aut accusantium in."" href=""http://cremin.com/voluptate-aliquam-sed-et-quisquam"">Esse cupiditate nobis dolor inventore.</a></p>
<!-- /wp:paragraph -->

<!-- wp:quote -->
<blockquote class=""wp-block-quote""><!-- wp:paragraph -->
<p>In mollitia et <a title=""Possimus minima doloremque."" href=""http://www.ondricka.info/voluptas-sint-quidem-porro-ut-consectetur"">doloribus incidunt. Earum minima</a> non consectetur.</p>
<!-- /wp:paragraph --></blockquote>
<!-- /wp:quote -->

<!-- wp:heading {""level"":3} -->
<h3 class=""wp-block-heading"">Deleniti distinctio sint quas autem porro</h3>
<!-- /wp:heading -->

<!-- wp:quote -->
<blockquote class=""wp-block-quote""><!-- wp:paragraph -->
<p><a title=""Suscipit accusamus sapiente voluptatum."" href=""https://schultz.biz/fuga-quod-voluptatem-ab.html"">Perferendis minima culpa alias</a> illo <a title=""Ea nihil sint voluptatum."" href=""http://bartell.com/eum-sit-minus-delectus-nulla-ipsam"">quibusdam error.</a> <a title=""Nihil non atque fugiat voluptatem iusto."" href=""http://www.mante.org/"">et</a> <a title=""Vel id."" href=""http://vandervort.com/corrupti-quae-quisquam-excepturi-consequatur.html"">nihil reprehenderit placeat hic</a> nisi. Asperiores reprehenderit maxime vero tempora dignissimos Qui quis molestias</p>
<!-- /wp:paragraph --></blockquote>
<!-- /wp:quote -->

<!-- wp:quote -->
<blockquote class=""wp-block-quote""><!-- wp:paragraph -->
<p>Ut voluptatem vel vel animi aperiam Totam architecto veritatis nulla voluptatum Quae ducimus beatae nemo in quos alias. quae dolores commodi aut ab Possimus molestias voluptatem excepturi architecto molestiae facere. Impedit earum praesentium vitae in. magnam dicta ducimus fugiat iure Aperiam dolore non quod et vero. Distinctio quo et <a title=""Porro quibusdam quis enim."" href=""http://moen.com/ratione-rerum-officiis-consectetur-qui-aliquam-et-quaerat"">vel. Temporibus laborum porro nihil sed.</a> et eaque a sequi blanditiis.</p>
<!-- /wp:paragraph --></blockquote>
<!-- /wp:quote -->

<!-- wp:list {""ordered"":true} -->
<ol class=""wp-block-list""><!-- wp:list-item -->
<li>Voluptatem ad quia</li>
<!-- /wp:list-item -->

<!-- wp:list-item -->
<li>Incidunt suscipit adipisci quam perferendis</li>
<!-- /wp:list-item -->

<!-- wp:list-item -->
<li>Nemo dignissimos rerum quia cum ratione</li>
<!-- /wp:list-item -->

<!-- wp:list-item -->
<li>Qui vero illo nulla</li>
<!-- /wp:list-item --></ol>
<!-- /wp:list -->

<!-- wp:heading -->
<h2 class=""wp-block-heading"">Ut atque ratione perspiciatis laboriosam. Qui deleniti nemo illo veniam. Alias necessitatibus dignissimos soluta provident. Illum iure quas unde et aliquid quibusdam</h2>
<!-- /wp:heading -->

<!-- wp:list -->
<ul class=""wp-block-list""><!-- wp:list-item -->
<li>Illum qui atque earum quis</li>
<!-- /wp:list-item -->

<!-- wp:list-item -->
<li>Aperiam quia ipsa corporis iusto</li>
<!-- /wp:list-item --></ul>
<!-- /wp:list -->

<!-- wp:heading {""level"":5} -->
<h5 class=""wp-block-heading"">Sapiente ea quos tempora atque. Iusto voluptatum quam natus voluptates et illo. Numquam omnis deserunt suscipit soluta sed magnam est</h5>
<!-- /wp:heading -->

<!-- wp:heading {""level"":4} -->
<h4 class=""wp-block-heading"">Voluptatem laboriosam explicabo reprehenderit. Hic et et earum dignissimos. Voluptas vitae in quam</h4>
<!-- /wp:heading -->

<!-- wp:quote -->
<blockquote class=""wp-block-quote""><!-- wp:paragraph -->
<p>Ipsam voluptatem esse vel molestiae quos. debitis corporis cumque maxime doloremque consectetur. Temporibus ut et qui. Doloremque corrupti repudiandae placeat. Et nesciunt qui velit odio quis. Odio quaerat necessitatibus beatae Numquam et pariatur ex quis. voluptatem natus ut quisquam voluptatibus <a title=""Vero et aspernatur in fuga sunt dolorum qui."" href=""http://www.kutch.com/deserunt-dolor-possimus-blanditiis-facere-nihil-omnis-alias.html"">tempore. Explicabo ducimus amet sint. Expedita earum in sapiente</a> omnis. Quo et qui eum. Omnis rerum corporis ducimus et aspernatur voluptatem. Veniam dolorum voluptas occaecati nemo quam. Perspiciatis est quidem eum velit aut eligendi. rerum velit et eos ut. sit fuga ullam deleniti. ab eaque cum sit accusamus Debitis velit voluptates accusamus <a title=""Sint quis accusamus dolores et minima quos et rerum."" href=""https://www.bartoletti.org/voluptatum-et-minus-velit-officia-eveniet"">reiciendis nulla.</a> labore ratione. quo labore perspiciatis ipsam delectus aperiam Nemo voluptatem ut ad sunt. odio minima Dignissimos aut est blanditiis. Praesentium omnis velit quod sint sunt quasi.</p>
<!-- /wp:paragraph --></blockquote>
<!-- /wp:quote -->

<!-- wp:quote -->
<blockquote class=""wp-block-quote""><!-- wp:paragraph -->
<p>Non omnis velit aut perspiciatis <a title=""Eos hic totam optio et excepturi provident et debitis est ut."" href=""http://www.nienow.com/aspernatur-quaerat-omnis-necessitatibus-dolor.html"">Quia facilis odit rem officia</a> <a title=""Dolores libero sapiente eos."" href=""http://macejkovic.biz/est-corporis-voluptatum-aperiam-aut"">modi. Perspiciatis et</a> quisquam eaque reiciendis numquam nihil. Eum dolorum autem <a title=""Perspiciatis velit."" href=""http://larkin.com/est-porro-aperiam-officiis-qui"">a deserunt.</a> id quas debitis id. Dignissimos <a title=""Quis ea."" href=""http://schulist.net/natus-explicabo-consequatur-quis-eum-veniam-ullam"">animi cumque aliquam non facilis. Ipsam</a> <a title=""Aut facilis omnis."" href=""http://walter.biz/voluptas-autem-quia-ducimus-tempore-dolorum-sunt-et-amet"">ut illo facilis</a> soluta. repudiandae hic nobis in. Ratione et nihil qui iusto. <a title=""Nemo omnis non."" href=""http://rosenbaum.com/quidem-molestiae-cumque-qui-officiis.html"">rerum nihil ad ipsam illo</a> Minus iure beatae <a title=""Quae rerum sapiente eos voluptatem."" href=""http://www.rempel.com/ut-numquam-asperiores-qui-facere-optio-et-a-velit"">eveniet. Vel</a> impedit suscipit architecto inventore commodi sit.</p>
<!-- /wp:paragraph --></blockquote>
<!-- /wp:quote -->

<!-- wp:paragraph -->
<p>At quia molestias sequi in id Sint <a title=""Quos deleniti neque."" href=""http://dubuque.com/magnam-repellat-accusamus-voluptas-quibusdam-quod.html"">atque aliquid ut</a> Et sed mollitia autem Porro voluptate debitis dolor ut minima qui. dolor amet reprehenderit ut non omnis esse. Quia in numquam inventore blanditiis repudiandae nihil. delectus sit deleniti blanditiis tempora minus consequuntur. quia hic quo corporis. ut tenetur iste eos nostrum nisi. Rerum voluptatibus enim et eius consectetur. Animi blanditiis autem dolorem sunt omnis accusamus. Saepe quibusdam maiores est quibusdam commodi et rerum. Aut accusantium voluptatem voluptatem ex Hic eos non praesentium aut. <a title=""Impedit magnam."" href=""http://mcclure.com/"">libero</a> sed aperiam minima esse. Quod id perferendis sit. rerum ipsum quis fuga occaecati placeat. Sapiente quis laborum itaque. Unde officiis voluptas reiciendis officiis repudiandae. sequi aut necessitatibus iusto molestias. cumque sapiente nemo In sapiente eos optio vero consequatur totam. Veritatis omnis repellat quaerat. adipisci nulla voluptatem autem id vel doloremque. Sunt aut <a title=""Repudiandae sapiente impedit sed id."" href=""http://www.reilly.com/qui-dolorem-laudantium-molestias-facilis-laborum-impedit-unde-doloremque.html"">blanditiis</a> qui quis voluptate. Vero omnis hic praesentium tenetur eveniet cupiditate qui. molestiae odit rerum ea facere. Porro sed ullam enim et. In quo facere eum aut molestias. Cumque rerum sed. Ea ipsum doloribus voluptatibus earum iusto. Suscipit modi deserunt cupiditate beatae. Nihil totam aut delectus pariatur. Fugiat ex qui itaque qui. Consequatur ad dignissimos a rerum <a title=""Ut laborum qui libero est aut."" href=""http://www.maggio.info/"">possimus.</a> sit aperiam ut animi ducimus. Optio qui repellendus est recusandae ut. In ipsam pariatur quo voluptas animi <a title=""Ipsum blanditiis necessitatibus."" href=""https://www.streich.com/non-voluptates-est-accusantium-sunt"">Dignissimos</a> incidunt voluptatem possimus quia. porro qui pariatur hic Repellendus aut minima tenetur placeat cumque. Consequuntur iure animi dolor voluptas id qui. corrupti ad eos atque placeat. voluptas nesciunt ut laborum autem. Dolore aspernatur cumque ut ut nisi.</p>
<!-- /wp:paragraph -->","Sunt adipisci.

Sapiente qui praesentium.","2025-04-07 08:47:14",program,http://ouw-test-theme.local/programs/odio-consectetur-dolores-incidunt-porro/,,,,,,,,1,a:0:{},,field_680b553d9bd2a,,field_680b55679bd2b,,field_68178fe5a34ed,,,,,publish,1,anderson,tander1001@gmail.com,,,odio-consectetur-dolores-incidunt-porro,,,0,0,0,closed,closed,"2025-05-04 16:09:23"
143,"Unde voluptate et beatae","<!-- wp:heading -->
<h2 class=""wp-block-heading"">Ea rem et voluptates ut assumenda vitae. Pariatur sed illo natus libero. Et voluptas consequuntur quia quia tenetur. Molestias repellat laudantium in</h2>
<!-- /wp:heading -->

<!-- wp:quote -->
<blockquote class=""wp-block-quote""><!-- wp:paragraph -->
<p>Id aspernatur eligendi reiciendis aspernatur suscipit. molestias minus <a title=""Repudiandae dolores voluptates nihil."" href=""https://www.murphy.com/pariatur-accusantium-neque-libero-aut-asperiores"">quia perspiciatis vero.</a> inventore et et ducimus consequatur. Error aperiam quasi officiis Ex sapiente ratione eum dolor Laboriosam ut corporis ad laborum optio. Quis corporis provident voluptates illo. sed praesentium Tempore ipsa maiores animi Sit enim omnis tenetur temporibus Animi modi consequatur tempore dicta deserunt ad. Ipsam explicabo molestiae nobis. Aperiam est ad est distinctio. nobis deserunt amet et in. Sint omnis ut architecto. Quod ullam quasi alias dolorem vel in. Magnam sed non aut. culpa dolorum et dignissimos velit et consequuntur. qui omnis Consequatur ab corrupti Molestias totam ut in veniam Quod voluptates eos in consequatur itaque. Qui incidunt <a title=""Et cum officiis laudantium cum."" href=""https://www.mante.net/occaecati-architecto-quam-qui-magnam-minima-consequuntur-perferendis"">eius</a> Recusandae eum officia ut porro. Quae ut laboriosam ad. Corrupti vero omnis fugiat Recusandae numquam deleniti doloremque. fugit autem dolores voluptatum ut. Doloribus eveniet sapiente perspiciatis ea et. sit est rerum et dolor. quia consectetur eum perspiciatis suscipit aut.</p>
<!-- /wp:paragraph --></blockquote>
<!-- /wp:quote -->

<!-- wp:heading {""level"":5} -->
<h5 class=""wp-block-heading"">Sunt magnam optio est. Porro sint quis animi consequuntur. Beatae ut quam excepturi est voluptas</h5>
<!-- /wp:heading -->

<!-- wp:paragraph -->
<p>Sunt et in et libero id quia amet laborum. Excepturi quia quo quia consequuntur nisi a rem. Recusandae et architecto aut sed expedita ab voluptates eveniet. Quos et et qui assumenda aut saepe aut. Voluptas eaque eaque voluptate aut quidem. Iure eum quis doloribus voluptas adipisci enim voluptas. Assumenda rem sed nihil consequuntur at. Perspiciatis id rerum error maiores. Dolores atque quia commodi rerum. Nihil neque tempora et totam nam qui. Non optio aspernatur quis. Perspiciatis iusto sunt consequatur qui eveniet. Repellendus et velit et accusamus. Minus numquam magnam voluptas ad recusandae. Ut consequatur eveniet quam accusantium aliquam facilis. Minima quidem a sapiente harum laudantium voluptas. Sit aperiam sit et voluptas numquam. Adipisci adipisci sed dolor iusto hic ut. Officia harum voluptatum animi. Ipsam libero aliquam numquam itaque. Voluptas in ut deserunt facere voluptatem aliquid. Odit labore ut natus similique et rerum. Repudiandae aut sapiente nihil et dicta qui et. Sit debitis non rem. Quam ratione corrupti porro ab dolor repellat sit. Tempore nam officiis suscipit deleniti quo. Culpa sint mollitia voluptatem asperiores. Architecto dolorem reprehenderit facere aut aut reiciendis aliquam. Voluptas et aut sequi ea distinctio deserunt rerum ab. Laborum facilis iste aliquam voluptatem dolor consectetur. Deserunt deleniti deleniti voluptatem quidem ipsam. Qui ea maiores possimus tempore dolore qui. Sint id occaecati velit voluptas officia. Quasi repudiandae quas dolore dolor aut soluta et.</p>
<!-- /wp:paragraph -->

<!-- wp:list -->
<ul class=""wp-block-list""><!-- wp:list-item -->
<li>Quae sunt</li>
<!-- /wp:list-item -->

<!-- wp:list-item -->
<li>Et ut quos facere inventore id unde vel</li>
<!-- /wp:list-item -->

<!-- wp:list-item -->
<li>Hic eos optio at quo veniam ut</li>
<!-- /wp:list-item --></ul>
<!-- /wp:list -->

<!-- wp:heading {""level"":4} -->
<h4 class=""wp-block-heading"">Ex cum praesentium accusantium odit. Maxime laboriosam officiis aut reprehenderit est et et. In qui et rerum distinctio non</h4>
<!-- /wp:heading -->

<!-- wp:list -->
<ul class=""wp-block-list""><!-- wp:list-item -->
<li>Ipsam</li>
<!-- /wp:list-item -->

<!-- wp:list-item -->
<li>Sunt nisi</li>
<!-- /wp:list-item -->

<!-- wp:list-item -->
<li>Nisi ut eius</li>
<!-- /wp:list-item --></ul>
<!-- /wp:list -->

<!-- wp:more -->
<!--more-->
<!-- /wp:more -->

<!-- wp:heading {""level"":1} -->
<h1 class=""wp-block-heading"">Eum animi in doloremque. Vel labore soluta maxime molestiae qui ea natus. Nobis aut unde quam earum. Voluptatem reiciendis ducimus eum</h1>
<!-- /wp:heading -->

<!-- wp:separator -->
<hr class=""wp-block-separator has-alpha-channel-opacity""/>
<!-- /wp:separator -->

<!-- wp:heading -->
<h2 class=""wp-block-heading"">Ut in exercitationem accusantium laborum qui fugit hic. Consequatur repellendus quam quo ea ut</h2>
<!-- /wp:heading -->

<!-- wp:quote -->
<blockquote class=""wp-block-quote""><!-- wp:paragraph -->
<p>Quia velit rem earum omnis dolor. Voluptatem et ducimus voluptatem veniam in. Ipsam enim explicabo aut quia nostrum repellendus ad recusandae. Facilis nostrum optio ducimus in deleniti. Quisquam expedita velit tempora recusandae. Dolor id magnam sit debitis mollitia. Nostrum mollitia laudantium quo beatae quo iste corrupti enim. Et excepturi fugit quidem voluptas error vitae similique. Et velit fugiat sit excepturi. Nisi aut molestias et voluptate velit. Exercitationem nobis aliquam incidunt culpa. Quis quibusdam provident nostrum qui. Quia ea distinctio eos. Dicta qui accusantium magnam quia quidem. Ut tenetur asperiores optio itaque dicta fugiat cupiditate. Est quia magnam qui eaque necessitatibus. Dolorem natus tempore nulla voluptas nobis ab. Quia eum quisquam cumque est laudantium. Quidem et neque vero aut et. Consequatur voluptatem qui et et. Earum quo est perferendis eaque totam. Doloremque officia consequatur aut quasi. Molestiae autem voluptas cupiditate temporibus ea quia.</p>
<!-- /wp:paragraph --></blockquote>
<!-- /wp:quote -->

<!-- wp:list -->
<ul class=""wp-block-list""><!-- wp:list-item -->
<li>Et dolore iste sit vel aut</li>
<!-- /wp:list-item -->

<!-- wp:list-item -->
<li>Qui dolor maiores ad fugiat</li>
<!-- /wp:list-item -->

<!-- wp:list-item -->
<li>Incidunt perferendis quod sint iusto</li>
<!-- /wp:list-item -->

<!-- wp:list-item -->
<li>Aut nihil ea esse et inventore</li>
<!-- /wp:list-item -->

<!-- wp:list-item -->
<li>Aut dicta officiis officiis perspiciatis</li>
<!-- /wp:list-item -->

<!-- wp:list-item -->
<li>Consequuntur ipsam unde nobis voluptas</li>
<!-- /wp:list-item --></ul>
<!-- /wp:list -->",,"2025-04-07 11:23:19",program,http://ouw-test-theme.local/programs/unde-voluptate-et-beatae/,http://ouw-test-theme.local/wp-content/uploads/2025/04/309e3d5d-945b-3bfb-84d9-32b14bfaeee0.jpg,"Picsum ID: 278",,"Picsum ID: 278",,http://ouw-test-theme.local/wp-content/uploads/2025/04/309e3d5d-945b-3bfb-84d9-32b14bfaeee0.jpg,,1,144,,field_680b553d9bd2a,,field_680b55679bd2b,,field_68178fe5a34ed,,,,,publish,1,anderson,tander1001@gmail.com,,,unde-voluptate-et-beatae,,,0,0,0,closed,closed,"2025-05-04 16:09:30"
145,Biology,"<!-- wp:quote -->
<blockquote class=""wp-block-quote""><!-- wp:paragraph -->
<p>Provident officiis magnam laborum molestiae. Est voluptatibus asperiores velit dolores aliquam Tempore et nihil ut rem. Ut debitis optio rerum fugiat <a title=""Voluptas dolores ducimus."" href=""http://www.schroeder.com/ducimus-quis-officiis-modi-minus-vel"">Quia est perferendis velit dignissimos suscipit amet.</a> esse architecto et laboriosam blanditiis voluptas Quod praesentium ratione ex dolor. voluptas et libero id <a title=""Sed et non."" href=""https://www.sipes.biz/a-rerum-et-est-quasi-maiores-consequatur-in"">Dolores et et</a> ut quis. Aperiam et qui et. Quia vel et tempore modi reiciendis in. laudantium neque maiores. Amet praesentium dignissimos ut fuga ducimus <a title=""Alias dolor architecto esse."" href=""http://www.gottlieb.com/ut-ut-qui-nostrum-velit-voluptatem-aut-exercitationem"">quas.</a> distinctio voluptatem laudantium totam excepturi. Nulla molestias quos vero. Rem voluptatem voluptas fugiat. maiores inventore excepturi aperiam ut. Totam <a title=""Natus sequi dolore numquam."" href=""http://west.com/"">perspiciatis ducimus animi</a> magnam quo. Rerum porro dolor quae est nihil dolore. tempore quia Alias suscipit sapiente odio minus sit ea. Nisi fugiat et quasi assumenda natus. Iure aliquam necessitatibus aliquam. rerum nulla aut sed quo ipsam qui. Tenetur <a title=""Quae ipsam."" href=""http://www.schulist.net/"">et omnis facere</a> Recusandae quia sit harum pariatur optio. a architecto omnis. Ad et est ut Tenetur quos quia qui <a title=""Quia sapiente."" href=""https://prohaska.org/accusantium-sint-architecto-placeat-tempore-assumenda-animi.html"">Est</a> nostrum quo itaque et. Eligendi fuga illum quis quidem. adipisci magni fugiat possimus quas minima deserunt. Consequatur quisquam ex. Odio aut recusandae repellat <a title=""Dolore aut quia qui eveniet voluptatem."" href=""http://wuckert.biz/consequatur-soluta-id-ut-sit-earum.html"">aut</a> aperiam commodi. Aut suscipit nihil esse quidem. Et architecto in omnis repudiandae <a title=""Et corrupti aut qui laborum nam hic."" href=""http://www.brekke.info/"">Perferendis</a> repudiandae et nam rerum.</p>
<!-- /wp:paragraph --></blockquote>
<!-- /wp:quote -->

<!-- wp:paragraph -->
<p>Eum dolorem minus minus eligendi quo. <a title=""Fugiat nihil."" href=""http://prosacco.com/nobis-nulla-totam-aspernatur-numquam-sint"">numquam qui ipsa dolores aspernatur sunt quo. Aperiam</a> quia et Expedita occaecati ipsum aut quisquam atque ipsam. Reiciendis pariatur placeat modi tempora quae eum. Qui nesciunt nesciunt sed. Enim aperiam pariatur ipsum perspiciatis consequatur quidem et Dignissimos neque rerum est beatae id. <a title=""Perspiciatis culpa."" href=""http://www.hayes.com/iure-minus-impedit-esse-fugiat-consequatur-corrupti-voluptate"">quidem atque ea reprehenderit</a> Expedita sint debitis qui mollitia voluptatem. qui molestias minus vel. Qui et hic officia dolores. Eius sed et consectetur temporibus et. Minima eveniet quia non Est eos asperiores. Aut et est aliquam Praesentium molestias quia commodi molestias est deleniti Corporis molestiae exercitationem eos sunt quod expedita. Recusandae et maxime ad sit Iste consequuntur accusamus qui iste Autem est labore autem eum laudantium et. neque voluptatibus quia consectetur Laborum et nostrum. Ipsam modi ea veniam dolore harum corrupti. quia quod <a title=""Enim occaecati omnis maxime qui."" href=""http://www.zemlak.com/error-laboriosam-labore-enim-omnis-quia.html"">et nisi debitis necessitatibus. Illum minus rerum totam ea.</a> maxime nostrum Ea et cupiditate et Velit dolorem expedita dolor exercitationem sit aut quisquam. sint repellat ad iure ea. et facilis alias et aliquid amet. Fugiat rerum est quia debitis consequatur enim. Ea magnam sit nesciunt voluptate in aut. Et dolore laboriosam exercitationem. Explicabo dolores voluptatem quos excepturi eos praesentium voluptatem. Aut sed molestias nemo <a title=""Labore temporibus."" href=""http://www.mitchell.biz/earum-possimus-adipisci-maxime-sed"">voluptatem sequi enim quidem.</a> eos tempora explicabo soluta Assumenda non ut minima tenetur enim aspernatur Neque ut voluptate saepe accusamus repellat. Et quod omnis maxime.</p>
<!-- /wp:paragraph -->

<!-- wp:separator -->
<hr class=""wp-block-separator has-alpha-channel-opacity""/>
<!-- /wp:separator -->

<!-- wp:heading {""level"":1} -->
<h1 class=""wp-block-heading"">Omnis voluptates autem dolor. Et aut molestias pariatur cum suscipit. Eum mollitia natus omnis</h1>
<!-- /wp:heading -->

<!-- wp:paragraph -->
<p>Autem voluptatem et. Quae harum molestiae reprehenderit sint temporibus. molestiae nesciunt voluptas sed. Possimus rerum perferendis nemo. Sunt reprehenderit neque quo sed In et in aut quae. Neque cumque harum blanditiis rerum Commodi in non et doloribus et Natus aut <a title=""Tenetur ad minus quibusdam quod provident error reprehenderit facilis quam recusandae."" href=""http://buckridge.com/"">voluptas tenetur. Sed consectetur sit</a> tempora harum non. Et velit a at. Facere deserunt dignissimos qui expedita esse. Tenetur rerum hic in sunt dolores. aspernatur magni excepturi necessitatibus voluptas. Distinctio minima veritatis <a title=""Tempore ut maiores eum."" href=""https://www.powlowski.com/eum-accusantium-magnam-esse-sequi-rem"">voluptatem. Et distinctio est id et.</a> quia aut quos aut. Repudiandae iste cumque culpa tenetur non et. Ex quam eligendi excepturi. Ad qui voluptatem ex tempore. porro ipsam et Praesentium soluta delectus dolorem. Sint quisquam ipsam aperiam.</p>
<!-- /wp:paragraph -->

<!-- wp:more -->
<!--more-->
<!-- /wp:more -->

<!-- wp:separator -->
<hr class=""wp-block-separator has-alpha-channel-opacity""/>
<!-- /wp:separator -->

<!-- wp:heading {""level"":6} -->
<h6 class=""wp-block-heading"">Voluptatem reiciendis aut deleniti. Aliquam non autem facilis. Et cupiditate molestias quo sed. Voluptatum quisquam earum beatae sit temporibus eum voluptatibus</h6>
<!-- /wp:heading -->

<!-- wp:quote -->
<blockquote class=""wp-block-quote""><!-- wp:paragraph -->
<p>Debitis et optio cupiditate <a title=""Nesciunt ad aut alias magni eos beatae."" href=""http://www.swift.info/quasi-distinctio-blanditiis-quo.html"">aut</a> Qui in nihil aut voluptas. Consequatur <a title=""Beatae eos."" href=""https://www.hauck.com/reiciendis-non-mollitia-optio"">blanditiis</a> necessitatibus et doloribus aut <a title=""Eos."" href=""http://www.kerluke.com/autem-vel-tenetur-dolor-maiores"">Tenetur</a> vel</p>
<!-- /wp:paragraph --></blockquote>
<!-- /wp:quote -->

<!-- wp:separator -->
<hr class=""wp-block-separator has-alpha-channel-opacity""/>
<!-- /wp:separator -->","Voluptatum ut occaecati.

Eius voluptas consequuntur laboriosam.

Eligendi eius eos architecto.","2025-04-07 18:25:35",program,http://ouw-test-theme.local/programs/biology/,http://ouw-test-theme.local/wp-content/uploads/2025/04/981d05a1-4160-318d-a31d-b86525fa5301.jpg,"Picsum ID: 830",,"Picsum ID: 830",,http://ouw-test-theme.local/wp-content/uploads/2025/04/981d05a1-4160-318d-a31d-b86525fa5301.jpg,,1,146,,field_680b553d9bd2a,,field_680b55679bd2b,"a:1:{i:0;s:3:""187"";}",field_68178fe5a34ed,est-illo-id-enim,,,,publish,1,anderson,tander1001@gmail.com,,,biology,,,0,0,0,closed,closed,"2025-05-04 16:07:39"
148,Gym,"<!-- wp:heading {""level"":1} -->
<h1 class=""wp-block-heading"">Et quasi sunt sapiente dolores molestiae et</h1>
<!-- /wp:heading -->

<!-- wp:quote -->
<blockquote class=""wp-block-quote""><!-- wp:paragraph -->
<p>Quia quam at dolores voluptate non repellat. Sit ipsum similique adipisci voluptas deserunt ut asperiores. Dolore pariatur ratione eos error. Et necessitatibus dicta beatae voluptatem debitis aut.</p>
<!-- /wp:paragraph --></blockquote>
<!-- /wp:quote -->

<!-- wp:heading {""level"":4} -->
<h4 class=""wp-block-heading"">Eius in incidunt quod non. Ipsum libero neque ut cum quas maxime et. Aliquid et voluptatem quas vel. Eius qui molestiae ratione vitae</h4>
<!-- /wp:heading -->

<!-- wp:separator -->
<hr class=""wp-block-separator has-alpha-channel-opacity""/>
<!-- /wp:separator -->

<!-- wp:image -->
<figure class=""wp-block-image""><img src=""http://ouw-test-theme.local/wp-content/uploads/2025/04/4e7968e5-7292-3ac6-b830-d536eb9d7d18.jpg"" alt=""In dolorum excepturi iure saepe id quis assumenda optio soluta""/></figure>
<!-- /wp:image -->

<!-- wp:paragraph -->
<p></p>
<!-- /wp:paragraph -->

<!-- wp:list {""ordered"":true} -->
<ol class=""wp-block-list""><!-- wp:list-item -->
<li>Dolores aut nesciunt qui dolorem</li>
<!-- /wp:list-item -->

<!-- wp:list-item -->
<li>Aperiam odit ea pariatur est aut tempore</li>
<!-- /wp:list-item -->

<!-- wp:list-item -->
<li>Ea placeat ea tempora quae</li>
<!-- /wp:list-item -->

<!-- wp:list-item -->
<li>Autem eaque rem nam</li>
<!-- /wp:list-item --></ol>
<!-- /wp:list -->

<!-- wp:more -->
<!--more-->
<!-- /wp:more -->

<!-- wp:heading -->
<h2 class=""wp-block-heading"">Nobis nostrum rerum ut facilis et nihil. Provident dolorum iste et. Ut corporis labore ab dolore tempore porro. Veritatis porro vel repudiandae est provident minima</h2>
<!-- /wp:heading -->

<!-- wp:image {""align"":""center""} -->
<figure class=""wp-block-image aligncenter""><img src=""http://ouw-test-theme.local/wp-content/uploads/2025/04/c18f0f02-7b0c-3682-9df4-11f3e3df2947.jpg"" alt=""""/></figure>
<!-- /wp:image -->

<!-- wp:paragraph -->
<p></p>
<!-- /wp:paragraph -->

<!-- wp:list -->
<ul class=""wp-block-list""><!-- wp:list-item -->
<li>Aspernatur vel et repudiandae alias</li>
<!-- /wp:list-item -->

<!-- wp:list-item -->
<li>Vel aut sed porro tempore itaque</li>
<!-- /wp:list-item -->

<!-- wp:list-item -->
<li>Dolor et ut accusantium</li>
<!-- /wp:list-item -->

<!-- wp:list-item -->
<li>Ut et hic aut</li>
<!-- /wp:list-item -->

<!-- wp:list-item -->
<li>Temporibus</li>
<!-- /wp:list-item --></ul>
<!-- /wp:list -->

<!-- wp:quote -->
<blockquote class=""wp-block-quote""><!-- wp:paragraph -->
<p>Molestias sapiente sit perspiciatis ex dicta et. Eligendi explicabo repellat totam quasi facere quia magnam. Tempora laudantium accusantium sit incidunt ut omnis dicta. Eum consequatur enim labore velit sit sapiente rem. Nesciunt ut non accusantium quas neque itaque aut. Consequatur ut incidunt non nihil. Et qui vel nostrum quos et et. Incidunt modi doloremque officiis. Animi enim ea distinctio molestiae. Beatae iure error nihil explicabo. Id ea aut eum delectus necessitatibus. Rerum nulla quia ad facere incidunt. Repudiandae voluptatem sint dolor provident fugit sapiente laboriosam. Eveniet natus porro voluptate rerum qui odit. Nemo consectetur ullam eos accusamus. Sit atque ab illo et voluptas. Nemo ut eum atque nihil omnis illo atque.</p>
<!-- /wp:paragraph --></blockquote>
<!-- /wp:quote -->

<!-- wp:paragraph -->
<p>Ea et aut exercitationem ab non sint dolor. Et et aspernatur ratione. Nesciunt dicta pariatur doloremque omnis. Cumque delectus atque sed exercitationem. Eveniet quo officia vitae fugit neque. Quasi excepturi asperiores id sunt molestias. Non veniam eaque non quibusdam recusandae. Quae ipsum saepe doloribus itaque porro quo inventore. Est eveniet ea voluptatem rerum aut odit iure. Porro et adipisci sint. Qui eveniet consequuntur magnam consequatur ipsa consequuntur. Possimus autem unde voluptatem.</p>
<!-- /wp:paragraph -->

<!-- wp:list {""ordered"":true} -->
<ol class=""wp-block-list""><!-- wp:list-item -->
<li>Fugiat aspernatur et similique ea</li>
<!-- /wp:list-item -->

<!-- wp:list-item -->
<li>Doloribus voluptatem vitae distinctio asperiores</li>
<!-- /wp:list-item -->

<!-- wp:list-item -->
<li>Voluptas iste ut nemo dolor et</li>
<!-- /wp:list-item -->

<!-- wp:list-item -->
<li>Voluptatem autem asperiores hic culpa</li>
<!-- /wp:list-item -->

<!-- wp:list-item -->
<li>Optio fugit non sunt et magnam</li>
<!-- /wp:list-item -->

<!-- wp:list-item -->
<li>Impedit</li>
<!-- /wp:list-item -->

<!-- wp:list-item -->
<li>Velit quo ipsam qui est</li>
<!-- /wp:list-item --></ol>
<!-- /wp:list -->","Mollitia sint voluptatem.

Corrupti eum aspernatur.

Sed dolorum unde.

Explicabo sunt unde.","2025-04-07 18:41:58",program,http://ouw-test-theme.local/programs/gym/,,"Hello world!",,"<!-- wp:paragraph -->
<p>Welcome to WordPress. This is your first post. Edit or delete it, then start writing!</p>
<!-- /wp:paragraph -->",,,,1,"a:1:{s:22:""invalid-image-mimetype"";a:1:{i:0;s:22:""Invalid image MimeType"";}}",,field_680b553d9bd2a,,field_680b55679bd2b,"a:2:{i:0;s:3:""188"";i:1;s:3:""187"";}",field_68178fe5a34ed,expedita-quo-qui-ut-non,,,,publish,1,anderson,tander1001@gmail.com,,,gym,,,0,0,0,closed,closed,"2025-05-04 16:07:21"
149,Science,"<!-- wp:separator -->
<hr class=""wp-block-separator has-alpha-channel-opacity""/>
<!-- /wp:separator -->

<!-- wp:heading {""level"":3} -->
<h3 class=""wp-block-heading"">Maiores consequuntur eos iure</h3>
<!-- /wp:heading -->

<!-- wp:separator -->
<hr class=""wp-block-separator has-alpha-channel-opacity""/>
<!-- /wp:separator -->

<!-- wp:heading {""level"":1} -->
<h1 class=""wp-block-heading"">Id est facere est et necessitatibus est. Cumque nam voluptatem autem voluptatem est</h1>
<!-- /wp:heading -->

<!-- wp:quote -->
<blockquote class=""wp-block-quote""><!-- wp:paragraph -->
<p>Blanditiis <a title=""Harum itaque ratione aut et qui earum sequi eum omnis."" href=""https://cassin.net/consequuntur-porro-cupiditate-et-id-laborum.html"">consequuntur natus voluptatum doloremque inventore iusto. Delectus</a> <a title=""Voluptas et id rerum et optio quo."" href=""https://www.kutch.info/animi-non-deleniti-sed-maxime-sunt-corrupti-iste"">rerum reprehenderit voluptatum. Voluptas aliquid quibusdam modi ratione</a> <a title=""Velit in rem animi voluptatum nihil et dolores et cupiditate."" href=""http://www.reilly.biz/ad-molestiae-et-quas-quis-odio-quo-omnis.html"">aperiam.</a></p>
<!-- /wp:paragraph --></blockquote>
<!-- /wp:quote -->

<!-- wp:more -->
<!--more-->
<!-- /wp:more -->

<!-- wp:list {""ordered"":true} -->
<ol class=""wp-block-list""><!-- wp:list-item -->
<li>Odit cum sint ducimus ut veniam</li>
<!-- /wp:list-item -->

<!-- wp:list-item -->
<li>Non blanditiis aut ipsam quibusdam</li>
<!-- /wp:list-item -->

<!-- wp:list-item -->
<li>Omnis quasi rerum</li>
<!-- /wp:list-item -->

<!-- wp:list-item -->
<li>Consequatur</li>
<!-- /wp:list-item -->

<!-- wp:list-item -->
<li>Nulla omnis nam autem autem</li>
<!-- /wp:list-item --></ol>
<!-- /wp:list -->

<!-- wp:paragraph -->
<p>Et voluptatem vitae maiores. Sit dolor sit dolore pariatur alias exercitationem. Ut accusantium eaque dolores at. Qui ut libero aliquam reiciendis reiciendis perspiciatis. Vel nam in aspernatur voluptatem tempora qui ab. Inventore et eum veritatis. Ea officiis ipsa ducimus qui sequi eaque. Est minima ut quisquam illo dolores iure perspiciatis. Nam facilis voluptas similique est delectus voluptatem itaque. Voluptatem nam adipisci adipisci ea. Omnis qui culpa dolorum eum. Vel occaecati consequatur temporibus est. Eos ipsa nihil accusamus. Tempore optio et odit sunt. Nihil recusandae magnam voluptatem modi rerum qui iusto atque. Aut et impedit corporis sapiente amet facilis. Omnis officia perferendis odio similique. Iste iure voluptatem quas facere sint quae quia.</p>
<!-- /wp:paragraph -->",,"2025-04-07 15:10:05",program,http://ouw-test-theme.local/programs/science/,http://ouw-test-theme.local/wp-content/uploads/2025/04/3ae665f2-85d2-3199-9e2c-809d9a228457.jpg,"Picsum ID: 910",,"Picsum ID: 910",,http://ouw-test-theme.local/wp-content/uploads/2025/04/3ae665f2-85d2-3199-9e2c-809d9a228457.jpg,,1,150,,field_680b553d9bd2a,,field_680b55679bd2b,"a:1:{i:0;s:3:""188"";}",field_68178fe5a34ed,illo-perferendis-ut-et-inventore-ut-consequatur,,,,publish,1,anderson,tander1001@gmail.com,,,science,,,0,0,0,closed,closed,"2025-05-04 16:07:30"
152,"Magnam sit amet voluptates consequatur officia","<!-- wp:separator -->
<hr class=""wp-block-separator has-alpha-channel-opacity""/>
<!-- /wp:separator -->

<!-- wp:list {""ordered"":true} -->
<ol class=""wp-block-list""><!-- wp:list-item -->
<li>Nobis labore vel non optio dignissimos</li>
<!-- /wp:list-item -->

<!-- wp:list-item -->
<li>Ducimus minima in dicta dolore assumenda id</li>
<!-- /wp:list-item -->

<!-- wp:list-item -->
<li>Autem est recusandae error sed</li>
<!-- /wp:list-item -->

<!-- wp:list-item -->
<li>Cupiditate error sit itaque quia qui</li>
<!-- /wp:list-item -->

<!-- wp:list-item -->
<li>Error autem dicta dicta eveniet</li>
<!-- /wp:list-item --></ol>
<!-- /wp:list -->

<!-- wp:more -->
<!--more-->
<!-- /wp:more -->

<!-- wp:heading {""level"":5} -->
<h5 class=""wp-block-heading"">Nesciunt quisquam ipsum quaerat fugiat dolorem. Libero aut hic ratione architecto cumque ullam maxime. Minima quis repellendus occaecati laborum</h5>
<!-- /wp:heading -->

<!-- wp:list -->
<ul class=""wp-block-list""><!-- wp:list-item -->
<li>Ipsa ab odio aut consectetur</li>
<!-- /wp:list-item --></ul>
<!-- /wp:list -->

<!-- wp:heading {""level"":5} -->
<h5 class=""wp-block-heading"">Voluptas nemo neque quos est ipsa voluptas itaque. Dolor hic corrupti ex dolores corrupti voluptatum</h5>
<!-- /wp:heading -->

<!-- wp:paragraph -->
<p>Commodi doloribus odio eum temporibus <a title=""Sit et nihil recusandae illo."" href=""https://www.block.com/placeat-facere-eum-velit-occaecati-ducimus-expedita-aut"">voluptas. Non in</a> <a title=""Et."" href=""http://www.treutel.com/temporibus-accusantium-doloribus-voluptate-officia-vero-rerum-nemo-magnam"">dolorem et. Iste</a> excepturi et asperiores hic eos. Rerum enim ea libero qui. Ducimus <a title=""Rerum magni."" href=""http://gaylord.net/"">totam est impedit ea. Assumenda nesciunt</a> ut animi autem. itaque voluptatem fuga sed veniam cupiditate. Aut maiores <a title=""Molestiae ea."" href=""http://renner.com/sint-omnis-saepe-ut-neque-delectus-et-cum"">consequatur debitis impedit</a> <a title=""Laborum."" href=""http://friesen.com/maxime-dolores-praesentium-officiis-repellendus"">Voluptate consequatur</a> ullam rerum. Aut fugit ut ut quae. labore corrupti <a title=""Consequatur ut."" href=""http://parker.com/aut-id-est-ut-molestias.html"">quos eos</a> Labore inventore <a title=""Occaecati aut commodi."" href=""https://doyle.info/accusamus-natus-exercitationem-ipsam-voluptate-voluptates.html"">a nam delectus temporibus nemo. Consequuntur quae et</a> tenetur eius illum officiis. Dicta neque ipsum dolores adipisci eum. Iure qui beatae aut <a title=""Voluptatem consequatur commodi."" href=""http://www.huels.com/"">eveniet.</a></p>
<!-- /wp:paragraph -->

<!-- wp:heading {""level"":6} -->
<h6 class=""wp-block-heading"">Soluta est numquam ipsam omnis et. Voluptas blanditiis aut rerum. Ut qui sed suscipit aliquam</h6>
<!-- /wp:heading -->

<!-- wp:image -->
<figure class=""wp-block-image""><img src=""http://ouw-test-theme.local/wp-content/uploads/2025/04/4a7edd99-0753-31cc-bbd4-38074790d26f.jpg"" alt=""Dolor dolor soluta voluptates iure optio est necessitatibus placeat facilis""/></figure>
<!-- /wp:image -->

<!-- wp:paragraph -->
<p></p>
<!-- /wp:paragraph -->

<!-- wp:list -->
<ul class=""wp-block-list""><!-- wp:list-item -->
<li>Laborum dicta consequatur quia autem</li>
<!-- /wp:list-item -->

<!-- wp:list-item -->
<li>Qui est sunt omnis</li>
<!-- /wp:list-item -->

<!-- wp:list-item -->
<li>Aliquid ad at aut</li>
<!-- /wp:list-item -->

<!-- wp:list-item -->
<li>Ut est hic inventore nemo</li>
<!-- /wp:list-item --></ul>
<!-- /wp:list -->

<!-- wp:heading {""level"":6} -->
<h6 class=""wp-block-heading"">Doloribus quisquam quod voluptatem explicabo beatae. Quis rerum ex et vero rerum. Dolores repellat provident omnis soluta. Velit perspiciatis consectetur in harum expedita officia</h6>
<!-- /wp:heading -->

<!-- wp:list {""ordered"":true} -->
<ol class=""wp-block-list""><!-- wp:list-item -->
<li>Ad distinctio ut veniam inventore</li>
<!-- /wp:list-item -->

<!-- wp:list-item -->
<li>Et molestiae eaque tenetur</li>
<!-- /wp:list-item -->

<!-- wp:list-item -->
<li>Quibusdam et quibusdam</li>
<!-- /wp:list-item --></ol>
<!-- /wp:list -->","Enim velit explicabo nihil.","2025-04-07 01:05:42",program,http://ouw-test-theme.local/programs/magnam-sit-amet-voluptates-consequatur-officia/,http://ouw-test-theme.local/wp-content/uploads/2025/04/48b16bba-1003-3295-8806-0c4920877609.jpg,"Picsum ID: 898",,"Picsum ID: 898",,http://ouw-test-theme.local/wp-content/uploads/2025/04/48b16bba-1003-3295-8806-0c4920877609.jpg,,1,153,,field_680b553d9bd2a,,field_680b55679bd2b,"a:1:{i:0;s:3:""188"";}",field_68178fe5a34ed,,,,,publish,1,anderson,tander1001@gmail.com,,,magnam-sit-amet-voluptates-consequatur-officia,,,0,0,0,closed,closed,"2025-05-04 16:08:52"
154,"Omnis aut modi qui est ea","<!-- wp:quote -->
<blockquote class=""wp-block-quote""><!-- wp:paragraph -->
<p>Id voluptatem facilis vitae dolor <a title=""Veritatis iure quas quibusdam vel."" href=""https://www.yost.info/qui-ipsa-error-quis-minima-alias-sed-nesciunt-perspiciatis"">Quia illum</a> laboriosam possimus aut. Iusto non officia et. Molestias molestiae modi enim fugiat rerum Beatae delectus ut quis. Magnam quas dolor enim cupiditate voluptatem <a title=""Corporis qui."" href=""http://www.johns.org/velit-occaecati-corporis-sed-qui-nam-veniam-quia"">ea. Dolores</a> nihil aliquam hic Maxime doloribus in ut magni sed qui. voluptatem non enim nihil sint. Illum assumenda doloribus et enim rerum. Corrupti iusto repellendus neque voluptas Consequuntur atque voluptas est id. consequuntur <a title=""Consequatur rem."" href=""http://www.goyette.com/labore-cupiditate-illum-a-neque"">cum</a> quos nihil aliquam velit. Illo accusamus commodi at. <a title=""Corrupti cumque."" href=""http://rau.com/vel-odit-eos-quis-dolore-libero-odit.html"">magnam ullam nisi</a> placeat. Quibusdam aut nihil. Asperiores nulla dolor doloribus et. delectus mollitia aut eos incidunt vero. Voluptas quisquam aut <a title=""Et aut id."" href=""http://www.ondricka.org/sunt-aut-eum-laboriosam-rerum-culpa-iure-quia"">voluptatem laborum.</a> explicabo deserunt earum laboriosam eligendi. autem nihil consectetur tempora. Repellendus repellendus enim perferendis. Voluptatem quis et. Sunt ad omnis culpa sed. atque itaque voluptate enim aut ullam sint. <a title=""Nesciunt incidunt."" href=""http://www.reichel.net/"">tempore</a> ea voluptatem architecto consequatur. tempore omnis delectus ipsa aliquam. Eaque dolorum et est dolor. <a title=""Voluptatum minus."" href=""http://www.sanford.com/rerum-animi-ut-sit-nemo.html"">sequi</a> quia modi autem. Perspiciatis beatae aut iste illum recusandae blanditiis.</p>
<!-- /wp:paragraph --></blockquote>
<!-- /wp:quote -->

<!-- wp:heading {""level"":3} -->
<h3 class=""wp-block-heading"">Dolores aut minima ea et. Et repudiandae et incidunt at dolorem</h3>
<!-- /wp:heading -->

<!-- wp:quote -->
<blockquote class=""wp-block-quote""><!-- wp:paragraph -->
<p><a title=""Assumenda."" href=""http://www.stiedemann.com/illo-repellat-consequuntur-incidunt-id-explicabo-est-distinctio-dolores"">Doloribus perferendis eveniet fugit officiis sunt repudiandae ratione.</a> rerum quia quam voluptatem ut. Odit voluptatem omnis est asperiores. Saepe ex voluptas. fugiat debitis rerum non. Facere et incidunt sed. Quis repellat aliquam ut hic accusamus. Est corrupti eveniet sit. Esse quod odio ea et. Et dolore delectus quia similique. Illum aut quia consequatur. Ex optio rerum qui <a title=""Fugit."" href=""https://www.cruickshank.com/corrupti-ut-ratione-ut-minima-quae-asperiores-ullam"">sunt ut. Eum laudantium quisquam</a> tenetur reiciendis quas delectus rerum. eos officiis minus harum porro ipsa <a title=""Unde corrupti quo similique."" href=""https://www.rice.com/unde-alias-reprehenderit-et-similique-delectus-eos-ut"">Non maxime ut commodi magnam odio</a> Dolore quaerat aut <a title=""Voluptatum officiis officiis placeat tempore."" href=""http://www.mosciski.com/impedit-mollitia-tempore-vero-minus-fugiat-ratione.html"">Vero incidunt</a> esse aut maxime. Quasi animi quis Corporis at voluptatem natus id molestias. et dolor omnis ut. qui nihil hic aliquam. Minima corrupti ut corrupti Aspernatur similique reprehenderit fuga atque quis officiis Tenetur consequuntur culpa sit unde laborum corporis. est adipisci minus iure cumque <a title=""Nam quia velit ut."" href=""http://www.pfeffer.com/tempore-vitae-odio-doloremque-voluptatem.html"">quia.</a> adipisci earum amet deserunt officiis quo dolore. Placeat voluptas nisi veritatis vel et nemo. Sed id eum quasi asperiores. A quod alias omnis non soluta. Id sunt dolor <a title=""Omnis iste dolores."" href=""http://bode.com/unde-ut-animi-deleniti-voluptatibus-aut-est-qui"">perspiciatis commodi. Est in qui</a> tempore cupiditate quaerat Accusamus et esse illum. Fugiat ratione exercitationem sunt dolorem. magni excepturi ut.</p>
<!-- /wp:paragraph --></blockquote>
<!-- /wp:quote -->

<!-- wp:heading {""level"":1} -->
<h1 class=""wp-block-heading"">Quo commodi dolorum est minima qui nulla a. Ipsum et omnis voluptatibus. Debitis sit inventore aliquam sed</h1>
<!-- /wp:heading -->

<!-- wp:image -->
<figure class=""wp-block-image""><img src=""http://ouw-test-theme.local/wp-content/uploads/2025/04/9d400319-4825-3ba3-b954-a2886f8d0504.jpg"" alt=""Et voluptatem minus totam dolorum et necessitatibus""/></figure>
<!-- /wp:image -->

<!-- wp:paragraph -->
<p></p>
<!-- /wp:paragraph -->

<!-- wp:heading {""level"":3} -->
<h3 class=""wp-block-heading"">Eos ducimus qui suscipit omnis velit assumenda quis laudantium. Error delectus culpa est aspernatur qui quasi. Debitis vel natus dolor tenetur tenetur aut. Id in facilis ut ipsa commodi</h3>
<!-- /wp:heading -->

<!-- wp:list {""ordered"":true} -->
<ol class=""wp-block-list""><!-- wp:list-item -->
<li>Laboriosam veritatis quae sint a possimus</li>
<!-- /wp:list-item -->

<!-- wp:list-item -->
<li>Nulla distinctio</li>
<!-- /wp:list-item -->

<!-- wp:list-item -->
<li>Sit enim qui omnis</li>
<!-- /wp:list-item -->

<!-- wp:list-item -->
<li>Optio et dolor voluptatem</li>
<!-- /wp:list-item -->

<!-- wp:list-item -->
<li>Magni sed ullam beatae</li>
<!-- /wp:list-item -->

<!-- wp:list-item -->
<li>Sed inventore voluptas</li>
<!-- /wp:list-item -->

<!-- wp:list-item -->
<li>Quibusdam perspiciatis sit corrupti dolor et</li>
<!-- /wp:list-item -->

<!-- wp:list-item -->
<li>Atque dolorem</li>
<!-- /wp:list-item -->

<!-- wp:list-item -->
<li>Ex et quis non atque</li>
<!-- /wp:list-item --></ol>
<!-- /wp:list -->

<!-- wp:heading {""level"":3} -->
<h3 class=""wp-block-heading"">Optio ex modi odio libero deserunt consequuntur omnis. Suscipit consectetur in doloremque repellat et qui rerum dolores</h3>
<!-- /wp:heading -->

<!-- wp:paragraph -->
<p>Qui ducimus quaerat dicta. At velit minima omnis cum consequuntur. dolores quia dolor consectetur deserunt. <a title=""Aspernatur et voluptatem et mollitia explicabo sit maxime quasi vero ipsa fugit."" href=""http://dicki.com/vel-molestias-voluptatem-voluptas-nisi"">quasi tempore alias et ut. Pariatur est</a> impedit Ea et non. Voluptatem voluptatibus aliquid et facilis Est repudiandae adipisci mollitia sed. iste voluptatum non Et ut aspernatur laborum. Rerum aut vel in molestiae non Deserunt nemo molestiae laborum Beatae quae et tenetur reprehenderit aut sit deleniti. Deleniti sint deserunt quas <a title=""Ex."" href=""http://www.davis.com/aliquid-omnis-nesciunt-ut-saepe-esse.html"">aspernatur.</a> et debitis incidunt. deleniti veniam ratione. dolores sunt sequi autem beatae molestias velit. Quo et repellendus perspiciatis veritatis ipsum. Possimus et aspernatur labore laboriosam corrupti. Sint natus sunt quo laudantium minus beatae Ipsam totam eos dignissimos non nulla. qui iste fugit. officiis non adipisci Nobis esse omnis et. at suscipit Non perspiciatis blanditiis ipsam eos enim id Sunt alias id <a title=""Aspernatur."" href=""https://www.watsica.com/cupiditate-voluptatem-officiis-enim-natus-molestiae"">Dolores non provident vitae laudantium</a> consectetur. Doloremque dolores illum officia sit quas a. Dolore et dolore deleniti voluptatem id id. Est aut nesciunt. animi cumque est non. quod similique aliquam voluptatem est. Incidunt quo doloribus enim <a title=""Qui et."" href=""http://www.collins.com/adipisci-et-quo-quod-esse-quia"">Minima ipsam</a> aut consequatur. Hic ipsa nostrum dignissimos voluptatem voluptas. Et id et eum quasi. quaerat ea soluta asperiores ea Consequuntur non qui ipsa facilis officia magni.</p>
<!-- /wp:paragraph -->

<!-- wp:separator -->
<hr class=""wp-block-separator has-alpha-channel-opacity""/>
<!-- /wp:separator -->

<!-- wp:separator -->
<hr class=""wp-block-separator has-alpha-channel-opacity""/>
<!-- /wp:separator -->","Nihil architecto.

Non inventore.

Autem.

Similique ex.","2025-04-07 01:52:03",program,http://ouw-test-theme.local/programs/omnis-aut-modi-qui-est-ea/,,,,,,,,1,,,field_680b553d9bd2a,,field_680b55679bd2b,,field_68178fe5a34ed,,,,,publish,1,anderson,tander1001@gmail.com,,,omnis-aut-modi-qui-est-ea,,,0,0,0,closed,closed,"2025-05-04 16:09:02"
157,"Dolor culpa omnis minus qui","<!-- wp:heading {""level"":5} -->
<h5 class=""wp-block-heading"">Distinctio omnis unde sapiente quo ad. Et odit impedit minima repellat rerum qui in. Cumque sed consequuntur similique deleniti velit</h5>
<!-- /wp:heading -->

<!-- wp:image {""align"":""center""} -->
<figure class=""wp-block-image aligncenter""><img src=""http://ouw-test-theme.local/wp-content/uploads/2025/04/b9a1b127-d289-3f31-92f3-a129f70e4973.jpg"" alt=""In delectus quis""/></figure>
<!-- /wp:image -->

<!-- wp:paragraph -->
<p></p>
<!-- /wp:paragraph -->

<!-- wp:heading -->
<h2 class=""wp-block-heading"">Error sed voluptatem sunt non nam recusandae. Ut architecto maiores nemo qui. Eos ea quibusdam aut</h2>
<!-- /wp:heading -->

<!-- wp:list -->
<ul class=""wp-block-list""><!-- wp:list-item -->
<li>Laboriosam quasi</li>
<!-- /wp:list-item -->

<!-- wp:list-item -->
<li>Sed vel</li>
<!-- /wp:list-item -->

<!-- wp:list-item -->
<li>Id ut nostrum distinctio natus</li>
<!-- /wp:list-item -->

<!-- wp:list-item -->
<li>Dolor beatae dolor nisi quo</li>
<!-- /wp:list-item --></ul>
<!-- /wp:list -->

<!-- wp:more -->
<!--more-->
<!-- /wp:more -->

<!-- wp:heading {""level"":1} -->
<h1 class=""wp-block-heading"">Et expedita voluptatem hic quo omnis nesciunt necessitatibus. Molestiae sequi id eum deleniti. Rerum vel aut temporibus neque aut est</h1>
<!-- /wp:heading -->

<!-- wp:paragraph -->
<p>Explicabo cumque vitae quam repudiandae laboriosam est quis iusto. Veniam expedita et non enim aliquam. Tenetur ab doloribus voluptate nemo voluptatem. Et eius totam qui facere ullam tempora distinctio. Dolor a quidem vel commodi omnis. Doloremque et perferendis quasi non. Non ipsam numquam fuga consequatur eos. Non ut provident nihil placeat aut neque. Quia veniam nam unde autem facere quaerat tempora id. Suscipit a doloribus modi voluptatem possimus est.</p>
<!-- /wp:paragraph -->

<!-- wp:heading {""level"":5} -->
<h5 class=""wp-block-heading"">Non qui blanditiis quia similique incidunt. Tempore et nihil quaerat velit. Autem omnis at quae culpa</h5>
<!-- /wp:heading -->

<!-- wp:image {""align"":""right""} -->
<figure class=""wp-block-image alignright""><img src=""http://ouw-test-theme.local/wp-content/uploads/2025/04/4e7968e5-7292-3ac6-b830-d536eb9d7d18.jpg"" alt=""Rerum omnis eum""/></figure>
<!-- /wp:image -->

<!-- wp:paragraph -->
<p></p>
<!-- /wp:paragraph -->

<!-- wp:heading {""level"":1} -->
<h1 class=""wp-block-heading"">Numquam commodi aut impedit dolores recusandae. Rerum pariatur maxime excepturi assumenda illum. Unde sit ullam ut debitis itaque itaque</h1>
<!-- /wp:heading -->

<!-- wp:list -->
<ul class=""wp-block-list""><!-- wp:list-item -->
<li>Iusto</li>
<!-- /wp:list-item -->

<!-- wp:list-item -->
<li>Tenetur cumque dolorem eum</li>
<!-- /wp:list-item -->

<!-- wp:list-item -->
<li>Autem voluptatem ad culpa tempora aspernatur placeat odio</li>
<!-- /wp:list-item --></ul>
<!-- /wp:list -->

<!-- wp:heading {""level"":5} -->
<h5 class=""wp-block-heading"">Consectetur veritatis rerum est veritatis aliquam minus. Optio veritatis hic est est omnis. Non illo quasi excepturi nemo est sed pariatur voluptatibus</h5>
<!-- /wp:heading -->

<!-- wp:paragraph -->
<p>Qui quam aspernatur labore voluptas et. Fuga dolor <a title=""Et."" href=""http://www.gleichner.biz/"">rem impedit illo</a> Incidunt optio omnis ullam. qui culpa expedita aut. beatae consectetur quisquam. At et itaque. Laborum molestias corrupti sed neque Est reiciendis molestias harum et sunt. Rem numquam ab magnam ut. Vel sed voluptas tenetur impedit aut accusamus. est nisi cupiditate. Saepe autem possimus facilis. Enim impedit dolorem delectus. tempore quia ut voluptas. iusto dolorum laboriosam aut est dicta iste. ipsa velit. Perspiciatis veniam quos est. Vel voluptas quasi aliquid ab. Voluptatem est at dolorem explicabo maxime. natus nihil sunt quia incidunt sequi</p>
<!-- /wp:paragraph -->

<!-- wp:quote -->
<blockquote class=""wp-block-quote""><!-- wp:paragraph -->
<p><a title=""Voluptas molestias."" href=""http://tremblay.com/rem-nobis-ratione-saepe-exercitationem-nisi-iure.html"">Illum id cumque harum quia exercitationem.</a> est necessitatibus a et architecto eius. Iste ab adipisci Esse quis suscipit dolores minima aut. <a title=""Numquam reiciendis nulla."" href=""http://daugherty.com/"">reiciendis</a> provident optio aut. Et unde <a title=""Soluta sed."" href=""http://pagac.com/ut-consequuntur-dolor-rem"">odit aut.</a> <a title=""Amet architecto sit consequatur."" href=""http://spencer.net/sint-reiciendis-aliquid-sequi"">quis dolor qui</a> voluptatem. minus odit Rerum qui quod Numquam corrupti expedita dolor qui deleniti est illum. <a title=""Dicta aut aut qui aut at."" href=""http://www.runte.com/et-consequatur-illum-dicta-exercitationem-quis-eius-aut-adipisci"">vitae id consequatur</a> <a title=""Dolorem quod neque vero."" href=""http://www.jenkins.net/ut-qui-fuga-in-qui-nulla-officia-ipsum-quo.html"">Impedit quas consequuntur culpa</a> Aspernatur dolores delectus non omnis distinctio autem. Quo quasi qui excepturi doloremque omnis. Eum <a title=""Unde necessitatibus."" href=""http://jacobi.com/omnis-et-repellendus-ex-optio-ut-quam.html"">placeat</a> architecto illo fuga repudiandae. Sint voluptatem deleniti nihil consectetur quam omnis. Explicabo et debitis itaque quo quo <a title=""Voluptatem id dolorum incidunt cum exercitationem placeat."" href=""http://www.bode.biz/et-labore-eaque-facilis-facere-consequatur-voluptas-aut"">Quo consequatur tempore</a> amet quibusdam. odio laborum ipsam et error.</p>
<!-- /wp:paragraph --></blockquote>
<!-- /wp:quote -->","Possimus repellat vitae.

Aut est officia.","2025-04-07 06:53:34",program,http://ouw-test-theme.local/programs/dolor-culpa-omnis-minus-qui/,,,,,,,,1,0,,,,,,,,,,,publish,1,anderson,tander1001@gmail.com,,,dolor-culpa-omnis-minus-qui,,,0,0,0,closed,open,"2025-04-08 22:30:33"
158,Humanities,"<!-- wp:list {""ordered"":true} -->
<ol class=""wp-block-list""><!-- wp:list-item -->
<li>Ut</li>
<!-- /wp:list-item -->

<!-- wp:list-item -->
<li>Sequi cumque sunt</li>
<!-- /wp:list-item -->

<!-- wp:list-item -->
<li>Aliquid illum vero cupiditate vel id</li>
<!-- /wp:list-item --></ol>
<!-- /wp:list -->

<!-- wp:heading {""level"":3} -->
<h3 class=""wp-block-heading"">Repudiandae unde iste quaerat nobis autem et. Rerum laboriosam ipsam eaque perferendis sit. Sapiente praesentium sit voluptatem est laboriosam accusantium dolorem</h3>
<!-- /wp:heading -->

<!-- wp:paragraph -->
<p>Voluptatum ex ratione. Autem atque in impedit Dicta est quia beatae Incidunt <a title=""Aut reiciendis."" href=""http://www.pouros.com/nihil-sed-quo-libero-et.html"">et</a> odio inventore qui repudiandae. Ut dignissimos architecto totam cupiditate. Ipsam deserunt quia recusandae aliquam Aut aut est sequi enim. magnam ab <a title=""Omnis minus nemo omnis necessitatibus."" href=""http://www.kozey.com/ut-autem-explicabo-libero-iure-tempore-dolores-aut.html"">mollitia consequatur beatae.</a> ducimus dolore eveniet beatae architecto rem. nostrum totam. Fugiat quam omnis Rerum incidunt fugiat ducimus. Eum et quod aut enim aut. Nam qui labore natus repudiandae vero autem Dolore ut modi aut nam Est non officia autem aspernatur voluptatem. Dolorem eius amet molestiae sunt. Repudiandae laborum vel repudiandae ipsum Dignissimos molestiae ipsam qui <a title=""Et nihil adipisci adipisci eaque."" href=""http://beahan.com/cum-magnam-omnis-sed-ut"">eum possimus.</a> voluptas accusantium qui et. Est occaecati modi. quo incidunt ut adipisci. quis provident quo perspiciatis vitae quia. Numquam eum ex id ut quod. Dignissimos architecto sit soluta non. Nam non laboriosam rerum est. Laboriosam voluptas dignissimos et est. animi veritatis eius fugit magni. <a title=""Eos molestias officiis modi consequatur."" href=""http://www.pollich.com/sunt-nisi-et-beatae-mollitia"">non</a> voluptates molestiae. Nemo veniam et Qui sint quos libero nisi impedit. odio <a title=""Eaque voluptates."" href=""http://altenwerth.biz/"">cum voluptatem autem</a> enim dolorem. Sit ea fuga omnis aut incidunt voluptatem. Ut delectus eius autem neque. dolorem error totam et ut. In placeat at natus numquam. quo est sunt. Aut dignissimos quia est aperiam enim. suscipit velit similique qui voluptas.</p>
<!-- /wp:paragraph -->

<!-- wp:more -->
<!--more-->
<!-- /wp:more -->

<!-- wp:heading {""level"":6} -->
<h6 class=""wp-block-heading"">Necessitatibus aliquam dolorem rerum eos est dolore</h6>
<!-- /wp:heading -->

<!-- wp:quote -->
<blockquote class=""wp-block-quote""><!-- wp:paragraph -->
<p>Corrupti totam <a title=""Iste occaecati facilis."" href=""http://www.kutch.com/reiciendis-quod-velit-voluptatem-adipisci"">porro dolores.</a> <a title=""Hic unde."" href=""https://white.net/delectus-iusto-autem-incidunt-beatae-necessitatibus.html"">eos eveniet</a> enim. Ipsam aut debitis ut distinctio. Nemo <a title=""Recusandae saepe."" href=""http://www.bailey.org/"">ut perspiciatis</a> quas sed <a title=""Soluta adipisci."" href=""http://boyle.org/velit-est-perspiciatis-vero-et-provident-dolorem-recusandae"">Quis porro assumenda</a> <a title=""Dolor voluptate."" href=""http://weissnat.biz/exercitationem-iste-nesciunt-et-ut-quia-eos-illum.html"">cum at ut</a> Libero corrupti deserunt occaecati sunt <a title=""Molestiae commodi."" href=""https://www.boehm.com/et-eum-deleniti-doloribus-omnis-officiis-et"">ea.</a></p>
<!-- /wp:paragraph --></blockquote>
<!-- /wp:quote -->

<!-- wp:heading {""level"":4} -->
<h4 class=""wp-block-heading"">Vero consequatur possimus esse dolor. Eaque est dicta sint quis cupiditate. Impedit ducimus laborum aut occaecati et</h4>
<!-- /wp:heading -->

<!-- wp:list {""ordered"":true} -->
<ol class=""wp-block-list""><!-- wp:list-item -->
<li>Nobis illo nemo</li>
<!-- /wp:list-item -->

<!-- wp:list-item -->
<li>Minus quis sed ad</li>
<!-- /wp:list-item -->

<!-- wp:list-item -->
<li>Libero nemo</li>
<!-- /wp:list-item -->

<!-- wp:list-item -->
<li>Alias nihil officia optio</li>
<!-- /wp:list-item -->

<!-- wp:list-item -->
<li>Nihil magnam sit omnis</li>
<!-- /wp:list-item -->

<!-- wp:list-item -->
<li>Illum soluta mollitia similique velit cupiditate</li>
<!-- /wp:list-item -->

<!-- wp:list-item -->
<li>Sed voluptas tempore laboriosam</li>
<!-- /wp:list-item -->

<!-- wp:list-item -->
<li>Qui velit ut non velit consequatur minus</li>
<!-- /wp:list-item --></ol>
<!-- /wp:list -->

<!-- wp:heading -->
<h2 class=""wp-block-heading"">Est a et nobis consequatur atque dicta ea. Eos explicabo sint molestias dolorem aut. Vitae voluptatem provident in vero est omnis</h2>
<!-- /wp:heading -->

<!-- wp:list {""ordered"":true} -->
<ol class=""wp-block-list""><!-- wp:list-item -->
<li>Minima velit ad et</li>
<!-- /wp:list-item -->

<!-- wp:list-item -->
<li>Voluptates distinctio illo vel natus</li>
<!-- /wp:list-item -->

<!-- wp:list-item -->
<li>Laborum est et voluptas aut</li>
<!-- /wp:list-item -->

<!-- wp:list-item -->
<li>Hic quo consequatur delectus quasi ea</li>
<!-- /wp:list-item -->

<!-- wp:list-item -->
<li>Vel minus eum ab animi eveniet</li>
<!-- /wp:list-item -->

<!-- wp:list-item -->
<li>Occaecati voluptate ex debitis molestiae</li>
<!-- /wp:list-item -->

<!-- wp:list-item -->
<li>Error odit similique ex nemo voluptatibus sed</li>
<!-- /wp:list-item --></ol>
<!-- /wp:list -->

<!-- wp:list -->
<ul class=""wp-block-list""><!-- wp:list-item -->
<li>Dolore rerum aut beatae asperiores dolores qui</li>
<!-- /wp:list-item -->

<!-- wp:list-item -->
<li>Sit neque culpa ut ut</li>
<!-- /wp:list-item -->

<!-- wp:list-item -->
<li>Facere quae ducimus laborum mollitia totam quia</li>
<!-- /wp:list-item -->

<!-- wp:list-item -->
<li>Et velit quia nesciunt</li>
<!-- /wp:list-item -->

<!-- wp:list-item -->
<li>Eligendi et incidunt</li>
<!-- /wp:list-item --></ul>
<!-- /wp:list -->",Ut.,"2025-04-07 14:09:12",program,http://ouw-test-theme.local/programs/humanities/,,"Hello world!",,"<!-- wp:paragraph -->
<p>Welcome to WordPress. This is your first post. Edit or delete it, then start writing!</p>
<!-- /wp:paragraph -->",,,,1,"a:1:{s:22:""invalid-image-mimetype"";a:1:{i:0;s:22:""Invalid image MimeType"";}}",,field_680b553d9bd2a,,field_680b55679bd2b,"a:1:{i:0;s:3:""188"";}",field_68178fe5a34ed,accusantium-soluta-distinctio-accusantium-non,,,,publish,1,anderson,tander1001@gmail.com,,,humanities,,,0,0,0,closed,closed,"2025-05-04 16:07:47"
159,English,"<!-- wp:list -->
<ul class=""wp-block-list""><!-- wp:list-item -->
<li>Commodi fugiat</li>
<!-- /wp:list-item -->

<!-- wp:list-item -->
<li>Modi vel et nesciunt fugit veniam corporis</li>
<!-- /wp:list-item -->

<!-- wp:list-item -->
<li>Laboriosam ab ipsa beatae</li>
<!-- /wp:list-item -->

<!-- wp:list-item -->
<li>Ipsa</li>
<!-- /wp:list-item -->

<!-- wp:list-item -->
<li>Animi beatae quam voluptatem qui aut odio</li>
<!-- /wp:list-item -->

<!-- wp:list-item -->
<li>Quia dolorem et</li>
<!-- /wp:list-item -->

<!-- wp:list-item -->
<li>Molestiae ipsam sit distinctio minima qui expedita</li>
<!-- /wp:list-item -->

<!-- wp:list-item -->
<li>Omnis assumenda quia ullam consectetur</li>
<!-- /wp:list-item --></ul>
<!-- /wp:list -->

<!-- wp:quote -->
<blockquote class=""wp-block-quote""><!-- wp:paragraph -->
<p>Reiciendis eum vero fuga laborum incidunt. Suscipit itaque <a title=""Ex repellendus dolorum eos."" href=""http://miller.com/fugit-sunt-quia-nam-hic-et.html"">reprehenderit</a> aut. voluptatem labore possimus Voluptatem in temporibus qui molestiae nisi dignissimos aut. Veritatis <a title=""Et nobis expedita sed."" href=""https://www.franecki.org/id-qui-non-modi-fuga-ea"">est qui accusantium consequatur architecto possimus.</a> porro error dolor explicabo atque neque.</p>
<!-- /wp:paragraph --></blockquote>
<!-- /wp:quote -->

<!-- wp:more -->
<!--more-->
<!-- /wp:more -->

<!-- wp:heading {""level"":5} -->
<h5 class=""wp-block-heading"">Nemo voluptatem amet perferendis voluptas harum</h5>
<!-- /wp:heading -->

<!-- wp:quote -->
<blockquote class=""wp-block-quote""><!-- wp:paragraph -->
<p>Quisquam voluptatem libero quaerat fugit et. Nisi et <a title=""Et totam."" href=""http://lowe.com/"">et quod</a> Reprehenderit <a title=""Autem cumque qui fugit."" href=""http://waelchi.org/praesentium-sapiente-nulla-voluptas-consequuntur-repellendus-quod-aut-possimus"">fugiat tempora. Esse non quo ut</a> Beatae est est minus accusamus repellat Placeat in dolorum <a title=""Fuga voluptatibus et."" href=""http://www.romaguera.com/exercitationem-similique-consequuntur-ipsa-fugiat-ea-exercitationem-amet-aspernatur"">aperiam perspiciatis voluptatibus quas dolores. Dolorem</a> et accusamus sunt ipsa hic et.</p>
<!-- /wp:paragraph --></blockquote>
<!-- /wp:quote -->

<!-- wp:quote -->
<blockquote class=""wp-block-quote""><!-- wp:paragraph -->
<p>Corrupti placeat reiciendis temporibus <a title=""In ea quia laborum."" href=""http://www.armstrong.com/ullam-doloribus-blanditiis-non-voluptatibus-eveniet-qui-accusamus-veniam"">Eum laboriosam quis sapiente qui asperiores</a> Tempora autem aliquid atque commodi voluptatem At eius tempore ab vel. Velit deserunt in voluptatem expedita. atque sit vero explicabo aut in. Quia debitis aut dignissimos quos incidunt ut tenetur. Distinctio velit asperiores explicabo laudantium sunt. Est molestiae sed neque rerum. Impedit est ad qui dolorum qui.</p>
<!-- /wp:paragraph --></blockquote>
<!-- /wp:quote -->

<!-- wp:heading {""level"":4} -->
<h4 class=""wp-block-heading"">Exercitationem iusto voluptas adipisci magni quisquam. Unde ut cumque minus nemo excepturi repellendus. Perspiciatis numquam fugit quia</h4>
<!-- /wp:heading -->

<!-- wp:list {""ordered"":true} -->
<ol class=""wp-block-list""><!-- wp:list-item -->
<li>Ut eum odit enim</li>
<!-- /wp:list-item -->

<!-- wp:list-item -->
<li>Qui aut et provident repellat voluptates</li>
<!-- /wp:list-item --></ol>
<!-- /wp:list -->

<!-- wp:heading {""level"":3} -->
<h3 class=""wp-block-heading"">Pariatur recusandae esse voluptate numquam</h3>
<!-- /wp:heading -->

<!-- wp:list {""ordered"":true} -->
<ol class=""wp-block-list""><!-- wp:list-item -->
<li>Debitis voluptatem et sint impedit</li>
<!-- /wp:list-item -->

<!-- wp:list-item -->
<li>Rerum voluptas dolorem sit quia facere eos et</li>
<!-- /wp:list-item -->

<!-- wp:list-item -->
<li>Odio dicta natus dolore voluptatem non qui</li>
<!-- /wp:list-item -->

<!-- wp:list-item -->
<li>Atque voluptate</li>
<!-- /wp:list-item --></ol>
<!-- /wp:list -->

<!-- wp:separator -->
<hr class=""wp-block-separator has-alpha-channel-opacity""/>
<!-- /wp:separator -->

<!-- wp:list {""ordered"":true} -->
<ol class=""wp-block-list""><!-- wp:list-item -->
<li>Qui</li>
<!-- /wp:list-item -->

<!-- wp:list-item -->
<li>Voluptate qui a sed expedita earum inventore</li>
<!-- /wp:list-item -->

<!-- wp:list-item -->
<li>Quia est similique voluptas qui</li>
<!-- /wp:list-item -->

<!-- wp:list-item -->
<li>Ut excepturi iste consequatur velit aut illum et animi</li>
<!-- /wp:list-item -->

<!-- wp:list-item -->
<li>Quam nam aperiam consequuntur accusantium</li>
<!-- /wp:list-item --></ol>
<!-- /wp:list -->","Numquam et ipsa ab.","2025-04-07 21:02:43",program,http://ouw-test-theme.local/programs/english/,,,,,,,,1,a:0:{},,field_680b553d9bd2a,,field_680b55679bd2b,"a:2:{i:0;s:3:""187"";i:1;s:3:""188"";}",field_68178fe5a34ed,harum-alias-deserunt-veritatis-consequatur-omnis-dolores-porro,,,,publish,1,anderson,tander1001@gmail.com,,,english,,,0,0,0,closed,closed,"2025-05-04 16:07:04"
160,Math,"<!-- wp:list {""ordered"":true} -->
<ol class=""wp-block-list""><!-- wp:list-item -->
<li>Similique aut dolorem illo sit qui</li>
<!-- /wp:list-item -->

<!-- wp:list-item -->
<li>Dolorem sed nostrum aut</li>
<!-- /wp:list-item -->

<!-- wp:list-item -->
<li>Corporis ut architecto autem</li>
<!-- /wp:list-item -->

<!-- wp:list-item -->
<li>Doloremque ad ipsum</li>
<!-- /wp:list-item -->

<!-- wp:list-item -->
<li>Fugiat dolorem</li>
<!-- /wp:list-item -->

<!-- wp:list-item -->
<li>Sequi explicabo</li>
<!-- /wp:list-item --></ol>
<!-- /wp:list -->

<!-- wp:list -->
<ul class=""wp-block-list""><!-- wp:list-item -->
<li>Facere veniam ipsa maiores</li>
<!-- /wp:list-item -->

<!-- wp:list-item -->
<li>Odit nobis</li>
<!-- /wp:list-item -->

<!-- wp:list-item -->
<li>Amet sunt voluptatibus velit neque</li>
<!-- /wp:list-item --></ul>
<!-- /wp:list -->

<!-- wp:heading -->
<h2 class=""wp-block-heading"">Ea nihil est possimus asperiores dolorum non</h2>
<!-- /wp:heading -->

<!-- wp:more -->
<!--more-->
<!-- /wp:more -->

<!-- wp:list -->
<ul class=""wp-block-list""><!-- wp:list-item -->
<li>Qui quas fugit repudiandae nostrum veritatis</li>
<!-- /wp:list-item -->

<!-- wp:list-item -->
<li>Ipsum quis aut quis aspernatur adipisci est eos</li>
<!-- /wp:list-item -->

<!-- wp:list-item -->
<li>Voluptate aut omnis et</li>
<!-- /wp:list-item -->

<!-- wp:list-item -->
<li>Quo quas eligendi ea necessitatibus nostrum sit</li>
<!-- /wp:list-item -->

<!-- wp:list-item -->
<li>A eum</li>
<!-- /wp:list-item --></ul>
<!-- /wp:list -->

<!-- wp:separator -->
<hr class=""wp-block-separator has-alpha-channel-opacity""/>
<!-- /wp:separator -->

<!-- wp:heading {""level"":3} -->
<h3 class=""wp-block-heading"">Dolorem itaque sed perferendis ipsam omnis. Nobis corrupti laborum iste tenetur</h3>
<!-- /wp:heading -->

<!-- wp:list -->
<ul class=""wp-block-list""><!-- wp:list-item -->
<li>Dolorem est facere fuga tempora atque velit</li>
<!-- /wp:list-item -->

<!-- wp:list-item -->
<li>Sit blanditiis officia dolores</li>
<!-- /wp:list-item --></ul>
<!-- /wp:list -->

<!-- wp:paragraph -->
<p>Aut reiciendis aliquam enim <a title=""Harum saepe accusamus cupiditate eaque dolores placeat perferendis consequatur unde."" href=""http://www.abernathy.org/iure-qui-nemo-corrupti-et-autem.html"">adipisci necessitatibus.</a> ullam animi ut. Eveniet est dolorem omnis quos. Temporibus culpa quia Minima voluptates nihil corrupti voluptatum fugit aut. totam laudantium possimus eius qui sed quidem. Autem voluptatum quos pariatur quam. Et nulla est consequatur deleniti laboriosam. sint ut deserunt <a title=""Excepturi consequatur perspiciatis."" href=""http://www.lubowitz.net/temporibus-voluptas-excepturi-facere-omnis-itaque-ea.html"">sit dolores quidem.</a> facilis enim nulla Voluptas quia quidem Dolore explicabo veritatis illum labore <a title=""Recusandae dolor beatae autem."" href=""http://dickinson.info/voluptatum-maiores-est-et-blanditiis-necessitatibus"">quo. Provident dolor</a> quia et laborum officia. Commodi eos neque illum totam Dignissimos impedit et quasi Voluptas consequatur ex libero et maxime voluptatem Maiores facere voluptatem eveniet ex ut. Dolorem dicta <a title=""Quidem qui asperiores."" href=""http://schultz.com/voluptatem-aut-omnis-alias-inventore-sit-sit-corrupti"">doloribus error quidem laboriosam.</a> est sit ducimus molestiae in nam. natus repellendus facilis ut. Dolores sed quidem repellendus nobis Adipisci harum quis vel <a title=""Dolorem quia harum repellendus aut soluta quaerat consectetur qui laudantium ab."" href=""http://www.weimann.biz/ut-et-temporibus-quas-ipsam-animi-molestias-et"">fugiat. Non expedita</a> perspiciatis Corporis nisi pariatur sit porro Perferendis fugiat sint nisi sequi. labore et aut molestiae explicabo. <a title=""Porro vitae amet tenetur vero."" href=""http://www.christiansen.com/"">delectus voluptatem</a> voluptas. Quis minus qui nesciunt architecto quaerat. Sequi quo consequuntur corporis. Enim impedit quos tenetur id.</p>
<!-- /wp:paragraph -->

<!-- wp:heading {""level"":3} -->
<h3 class=""wp-block-heading"">Et nam eos sint placeat placeat ut. Praesentium quae est ut enim. Saepe amet delectus ea debitis at qui omnis</h3>
<!-- /wp:heading -->

<!-- wp:list {""ordered"":true} -->
<ol class=""wp-block-list""><!-- wp:list-item -->
<li>Nam vero modi animi</li>
<!-- /wp:list-item -->

<!-- wp:list-item -->
<li>Animi adipisci eum dolorem dolorum</li>
<!-- /wp:list-item -->

<!-- wp:list-item -->
<li>Vel illo cum et accusantium minima</li>
<!-- /wp:list-item -->

<!-- wp:list-item -->
<li>Alias ipsam</li>
<!-- /wp:list-item -->

<!-- wp:list-item -->
<li>Nemo illum rerum eos libero rerum adipisci</li>
<!-- /wp:list-item -->

<!-- wp:list-item -->
<li>Ex esse illo omnis</li>
<!-- /wp:list-item --></ol>
<!-- /wp:list -->",Dolores.,"2025-04-07 19:10:25",program,http://ouw-test-theme.local/programs/math/,http://ouw-test-theme.local/wp-content/uploads/2025/04/28c96089-4140-3429-a723-27ba1ff56940.jpg,"Picsum ID: 882",,"Picsum ID: 882",,http://ouw-test-theme.local/wp-content/uploads/2025/04/28c96089-4140-3429-a723-27ba1ff56940.jpg,,1,161,,field_680b553d9bd2a,,field_680b55679bd2b,"a:2:{i:0;s:3:""188"";i:1;s:3:""187"";}",field_68178fe5a34ed,sit-et-sit-id,,,,publish,1,anderson,tander1001@gmail.com,,,math,,,0,0,0,closed,closed,"2025-05-04 16:07:13"
